{
  "ids": [
    {
      "id": 0.93789
    },
    {
      "id": 1.8293011
    },
    {
      "id": 4.827981
    }
  ]
}