{
  "ids": [
    {
      "id": 0.939809
    },
    {
      "id": 1.82213
    },
    {
      "id": 4.827981
    }
  ]
}